Set,R2,RMSE,Best_Components
Train,0.5155975711432208,2.0437937721778052,3
Test,0.36582910740637264,2.502649325405555,3
