Set,R2,RMSE,Best_Components
Train,0.5047307047672551,2.0665913988492357,2
Test,0.3240637578724588,2.58374538572589,2
