Set,R2,RMSE,RPD,Best_Components,Is_Transformed
Train,0.4497326490594974,2.1783155322076646,1.348072120779177,1,False
Test,0.32237939141196903,2.5869626020839376,1.214805353414863,1,False
