Set,R2,RMSE,Best_Components
Train,0.4856817505770953,2.1059588585718525,3
Test,0.31374366554575994,2.6033947857320636,3
