epoch,fitness
0,0.7389179309235849
1,0.7389179309235849
2,0.7238774584838684
3,0.7224381630812933
4,0.7224381630812933
5,0.7224381630812933
6,0.7224381630812933
7,0.7224381630812933
8,0.7224381630812933
9,0.7224381630812933
