epoch,fitness
0,0.7273707991211915
1,0.7090892929080623
2,0.7090892929080623
3,0.7090892929080623
4,0.7090892929080623
5,0.7090892929080623
6,0.7090892929080623
7,0.7090892929080623
8,0.7090892929080623
9,0.7090892929080623
