epoch,fitness
0,0.7330845975902516
1,0.7330845975902516
2,0.7213774584838684
3,0.7199381630812932
4,0.7199381630812932
5,0.7199381630812932
6,0.7199381630812932
7,0.7199381630812932
8,0.7199381630812932
9,0.7199381630812932
