epoch,fitness
0,0.7232041324545249
1,0.7074226262413956
2,0.7074226262413956
3,0.7074226262413956
4,0.7074226262413956
5,0.7074226262413956
6,0.7074226262413956
7,0.7074226262413956
8,0.7074226262413956
9,0.7074226262413956
