Set,R2,RMSE,Best_Components
Train,0.5923966989686553,1.8747905754896173,4
Test,0.21345410209666593,2.7871406327754835,4
