Set,R2,RMSE,Best_Components
Train,0.7729813715251801,1.3991512447746055,8
Test,0.04308980598887069,3.0742022646369063,8
