epoch,fitness
0,0.6283373468776745
1,0.6283373468776745
2,0.6283373468776745
3,0.6270805281001361
4,0.6270805281001361
5,0.6270805281001361
6,0.6270805281001361
7,0.6270805281001361
8,0.6270805281001361
9,0.6270805281001361
