epoch,fitness
0,0.7279301499046419
1,0.7279301499046419
2,0.7279301499046419
3,0.6474152245389226
4,0.6474152245389226
5,0.6474152245389226
6,0.6399405829293797
7,0.6399405829293797
8,0.6399405829293797
9,0.6399405829293797
