epoch,fitness
0,0.7359367366702433
1,0.7359367366702433
2,0.6388252290767633
3,0.5868488398577314
4,0.5868488398577314
5,0.5868488398577314
6,0.5868488398577314
7,0.5868488398577314
8,0.5868488398577314
9,0.5868488398577314
