epoch,fitness
0,0.7130212689731191
1,0.6131515432327408
2,0.6131515432327408
3,0.6131515432327408
4,0.6131515432327408
5,0.6131515432327408
6,0.6131515432327408
7,0.6131515432327408
8,0.6131515432327408
9,0.6131515432327408
