epoch,fitness
0,0.6996691990894185
1,0.6996691990894185
2,0.6996691990894185
3,0.6996691990894185
4,0.6996691990894185
5,0.6603910062404417
6,0.6603910062404417
7,0.6603910062404417
8,0.6603910062404417
9,0.6603910062404417
