epoch,fitness
0,0.656886800319265
1,0.656886800319265
2,0.656886800319265
3,0.6192872371244885
4,0.6192872371244885
5,0.6192872371244885
6,0.5671558221255619
7,0.5671558221255619
8,0.5671558221255619
9,0.5671558221255619
