Set,R2,RMSE,Best_Components
Train,0.6347635392938199,1.7746837726309257,5
Test,0.2808230334775521,2.6651075055056173,5
