Set,R2,RMSE,Best_Components
Train,0.5232330200239577,2.0276220248437555,3
Test,0.36534706833754527,2.5036002879989843,3
