Set,R2,RMSE,RPD,Best_Components,Is_Transformed
Train,0.40954088761966734,2.2564661871708256,1.3013828684538133,2,True
Test,0.2091575411265305,2.794742738691597,1.1244884813859088,2,True
