Set,R2,RMSE,Best_Components
Train,0.7362906016852176,1.507983950392634,7
Test,-0.11517735493386505,3.318706290680403,7
