Set,R2,RMSE,Best_Components
Train,0.8180216648109675,1.2526904288057967,9
Test,0.3432801928370921,2.5467534616353773,9
