Set,R2,RMSE,RPD,Best_Components,Is_Transformed
Train,0.34619612539475597,2.3744206487995774,1.2367338705186932,3,True
Test,0.16774604785088731,2.866980774589653,1.096155246644587,3,True
