Set,R2,RMSE,Best_Components
Train,0.47922816711310046,2.1191302872727715,2
Test,0.31834422524244765,2.594653727022303,2
