Set,R2,RMSE,Best_Components
Train,0.5562167917536454,1.9562274475673769,4
Test,0.3399509145524482,2.553200756244596,4
