Set,R2,RMSE,Best_Components
Train,0.6718233077056845,1.6822393290102642,5
Test,0.17357561440686642,2.856922170861487,5
