Set,R2,RMSE,RPD,Best_Components,Is_Transformed
Train,0.3910933488129086,2.291444138619005,1.2815177947122804,3,True
Test,0.15116692245439523,2.8953961663255354,1.0853975889882679,3,True
