Set,R2,RMSE,Best_Components
Train,0.624153383409874,1.8002766056168218,5
Test,0.365750466182717,2.5028044928111717,5
