Set,R2,RMSE,Best_Components
Train,0.8980248587734225,0.9628442441718301,9
Test,-0.27698750499194835,3.352287321272469,9
