Set,R2,RMSE,Best_Components
Train,0.6763485610089486,1.6706008057647492,6
Test,0.14384472173025364,2.9078574783994147,6
