epoch,fitness
0,0.5976711072237015
1,0.5976711072237015
2,0.5877812808016486
3,0.5877812808016486
4,0.5877812808016486
5,0.5877812808016486
6,0.5877812808016486
7,0.5877812808016486
8,0.5877812808016486
9,0.5877812808016486
