epoch,fitness
0,0.6728615181439805
1,0.6535055508797334
2,0.5896822870657044
3,0.5896822870657044
4,0.5896822870657044
5,0.5896822870657044
6,0.5896822870657044
7,0.5896822870657044
8,0.5896822870657044
9,0.5896822870657044
