epoch,fitness
0,0.8837481525997865
1,0.804524440991297
2,0.7960666187350864
3,0.7960666187350864
4,0.6953691349916784
5,0.6953691349916784
6,0.6953691349916784
7,0.6953691349916784
8,0.6953691349916784
9,0.6953691349916784
