epoch,fitness
0,0.6774296063801678
1,0.6331486187069556
2,0.6331486187069556
3,0.6331486187069556
4,0.5982529362924024
5,0.5982529362924024
6,0.5982529362924024
7,0.5982529362924024
8,0.5982529362924024
9,0.5982529362924024
