epoch,fitness
0,0.9133425585355596
1,0.9133425585355596
2,0.8276819790894704
3,0.8276819790894704
4,0.7848854553465712
5,0.7769813191857449
6,0.7769813191857449
7,0.7769813191857449
8,0.7769813191857449
9,0.7769813191857449
