epoch,fitness
0,0.9752205826489398
1,0.9752205826489398
2,0.9235633825847884
3,0.9235633825847884
4,0.8886360543643985
5,0.8886360543643985
6,0.8886360543643985
7,0.8886360543643985
8,0.8886360543643985
9,0.8886360543643985
