epoch,fitness
0,0.5690947482826889
1,0.5690947482826889
2,0.5690947482826889
3,0.5690947482826889
4,0.5690947482826889
5,0.5690947482826889
6,0.5690947482826889
7,0.5690947482826889
8,0.5690947482826889
9,0.5690947482826889
