epoch,fitness
0,0.8759553864982411
1,0.8759553864982411
2,0.8361901036926962
3,0.8361901036926962
4,0.8361901036926962
5,0.8361901036926962
6,0.8361901036926962
7,0.8361901036926962
8,0.8361901036926962
9,0.8361901036926962
