Set,R2,RMSE,Best_Components
Train,0.6520215514320531,1.73224808206157,5
Test,0.20555195857325392,2.801106342683187,5
