Set,R2,RMSE,Best_Components
Train,0.8048866745492086,1.297111712471638,9
Test,0.29728994479298143,2.634419495116414,9
