Set,R2,RMSE,Best_Components
Train,0.44280172141811047,2.1919911602590627,1
Test,0.32326654467657057,2.585268598126989,1
