Set,R2,RMSE,Best_Components
Train,0.5208677756490898,2.0326453260286748,2
Test,0.34444409261272113,2.5444956644304306,2
