Set,R2,RMSE,Best_Components
Train,0.523047231283655,2.028017052881895,3
Test,0.31742848597476336,2.5963959765098275,3
