Set,R2,RMSE,Best_Components
Train,0.6512705411197539,1.734116351507195,5
Test,0.20971302426407434,2.79376106076804,5
