Set,R2,RMSE,Best_Components
Train,0.5592345634508591,1.9495648271738297,3
Test,0.20234781496907717,2.8067493269540917,3
