Set,R2,RMSE,Best_Components
Train,0.4195504328269234,2.2372584715338872,1
Test,0.28873083361933094,2.650414743651442,1
