epoch,fitness
0,0.7447512642569182
1,0.7447512642569182
2,0.7263774584838684
3,0.7249381630812932
4,0.7249381630812932
5,0.7249381630812932
6,0.7249381630812932
7,0.7249381630812932
8,0.7249381630812932
9,0.7249381630812932
