epoch,fitness
0,0.7751396044871515
1,0.6538124898605336
2,0.6538124898605336
3,0.6538124898605336
4,0.6538124898605336
5,0.6538124898605336
6,0.6538124898605336
7,0.6538124898605336
8,0.6538124898605336
9,0.6538124898605336
