epoch,fitness
0,0.7190374657878582
1,0.705755959574729
2,0.705755959574729
3,0.705755959574729
4,0.705755959574729
5,0.705755959574729
6,0.705755959574729
7,0.705755959574729
8,0.705755959574729
9,0.705755959574729
