epoch,fitness
0,0.7273707991211915
1,0.7273707991211915
2,0.7273707991211915
3,0.7273707991211915
4,0.7273707991211915
5,0.7273707991211915
6,0.7273707991211915
7,0.7273707991211915
8,0.7273707991211915
9,0.7273707991211915
