variant,algo_seed,split_seed,cv_seed,train_r2,train_rmse,test_r2,test_rmse,n_selected,selected_feature_names,elapsed_sec,status,error_msg
HHO,0,0,42,0.5435652387047643,2.1228324696243694,0.07394409331225793,2.560500114107972,5,"b75,b17,b28,b21,b104",0.1616523265838623,success,
HHO,1,0,42,0.6082719023404672,1.9666121927716878,-0.8968007836166092,3.664519665341016,7,"b22,b26,b107,b19,b17,b25,b56",0.16155719757080078,success,
HHO,0,1,42,0.3845453712524012,2.3999258243398143,0.426140933061514,2.172201321890374,6,"b48,b27,b17,b49,b46,b35",0.17573285102844238,success,
HHO,1,1,42,0.37693030683606343,2.4147274073083347,0.45415064170995445,2.1185262606388386,6,"b65,b49,b18,b99,b24,b32",0.16045284271240234,success,
+SCI+SDGE,0,0,42,0.5546663401922589,2.0968585102532185,0.02222641548313098,2.631027252297147,4,"b68,b124,b17,b27",0.18150997161865234,success,
+SCI+SDGE,1,0,42,0.5367437879741639,2.1386365830929566,-0.0001418211096184674,2.6609516923768464,11,"b53,b58,b74,b75,b70,b84,b123,b22,b108,b63,b43",0.17124295234680176,success,
+SCI+SDGE,0,1,42,0.38851774539141104,2.3921682775476003,0.4361124375967459,2.1532462893536937,3,"b52,b44,b26",0.1758708953857422,success,
+SCI+SDGE,1,1,42,0.36360540997043944,2.4404113566702335,0.4619216002745484,2.1033920537575965,4,"b64,b51,b109,b25",0.17689919471740723,success,
