Set,R2,RMSE,Best_Components
Train,0.5420725173220386,1.9871574063197317,4
Test,0.23080579470664908,2.7562261542464817,4
