Set,R2,RMSE,Best_Components
Train,0.5317483853482388,2.0094331249305837,3
Test,0.3824851932861085,2.4695654200766737,3
