Set,R2,RMSE,Best_Components
Train,0.5424864096410038,1.9862591689929103,2
Test,0.3838629164585251,2.466808986279735,2
