Set,R2,RMSE,Best_Components
Train,0.48394757550574086,2.10950630026185,2
Test,0.32309175071054186,2.5856024520040393,2
