Set,R2,RMSE,RPD,Best_Components,Is_Transformed
Train,0.23461204083518128,2.5690628454313766,1.1430341007233438,1,True
Test,0.17149645097302613,2.86051371345018,1.0986334389235026,1,True
