Set,R2,RMSE,RPD,Best_Components,Is_Transformed
Train,0.38717590239301036,2.2988034094985625,1.2774152096241898,3,True
Test,0.1353543214212456,2.9222403637603325,1.075426941968472,3,True
