Set,R2,RMSE,Best_Components
Train,0.8989970240208585,0.9582436851105033,9
Test,-0.2797252658728824,3.3558789175959745,9
