Set,R2,RMSE,RPD,Best_Components,Is_Transformed
Train,0.5653128646000143,1.9360755885787926,1.5167416275234442,4,False
Test,0.26149562757291334,2.700681584460804,1.1636529223503584,4,False
