Set,R2,RMSE,Best_Components
Train,0.48515056836162385,2.107046083466843,2
Test,0.3201326384883212,2.591247784549287,2
