Set,R2,RMSE,Best_Components
Train,0.5498386669556464,1.970234908032029,3
Test,0.31229111013985034,2.606148549915829,3
