Set,R2,RMSE,RPD,Best_Components,Is_Transformed
Train,0.5630318034802606,1.9411488099807939,1.512777600630455,5,True
Test,-0.015173638100663522,3.1664090150332047,0.992498443244438,5,True
