Set,R2,RMSE,Best_Components
Train,0.5051114180362347,2.0657969522401567,2
Test,0.3001324376985106,2.629085924984348,2
