Set,R2,RMSE,Best_Components
Train,0.7417755235859677,1.5321722191486444,5
Test,-0.3669732665059984,3.4683899667548808,5
