Set,R2,RMSE,Best_Components
Train,0.7769297943060274,1.3869305013857387,10
Test,0.039057575075991724,3.0806724968798513,10
