Set,R2,RMSE,Best_Components
Train,0.6090473310222324,1.8360986300528852,6
Test,0.34679294693699414,2.539933114716685,6
