Set,R2,RMSE,Best_Components
Train,0.5038383825614303,2.0684522405688095,3
Test,0.3526058197617169,2.528606459654423,3
