Set,R2,RMSE,Best_Components
Train,0.5304126670874265,2.0122971034656487,3
Test,0.24374415458419207,2.732947064957194,3
