Set,R2,RMSE,Best_Components
Train,0.4411705963576028,2.1951971993269144,1
Test,0.3265789281893431,2.578933825195699,1
