Set,R2,RMSE,Best_Components
Train,0.8707027395863908,1.084185369337907,8
Test,-0.44088940855709935,3.5609283488643517,8
