epoch,fitness
0,0.6733757469332132
1,0.6300757978100001
2,0.6300757978100001
3,0.6300757978100001
4,0.6300757978100001
5,0.6300757978100001
6,0.6300757978100001
7,0.6261799859781187
8,0.6228463580682955
9,0.6227604737555823
