epoch,fitness
0,0.6616138560073396
1,0.6616138560073396
2,0.6344980586568977
3,0.6344980586568977
4,0.6344980586568977
5,0.6344980586568977
6,0.6344980586568977
7,0.6344980586568977
8,0.6344980586568977
9,0.6344980586568977
