epoch,fitness
0,0.6744228776795229
1,0.646669520009953
2,0.5852335907150786
3,0.5614030353744992
4,0.5614030353744992
5,0.5614030353744992
6,0.5614030353744992
7,0.5614030353744992
8,0.5614030353744992
9,0.5614030353744992
