epoch,fitness
0,0.6171800571455834
1,0.6171800571455834
2,0.6171800571455834
3,0.6171800571455834
4,0.604828148597111
5,0.604828148597111
6,0.604828148597111
7,0.604828148597111
8,0.604828148597111
9,0.604828148597111
