epoch,fitness
0,0.643623021074362
1,0.643623021074362
2,0.643623021074362
3,0.643623021074362
4,0.643623021074362
5,0.643623021074362
6,0.643623021074362
7,0.643623021074362
8,0.643623021074362
9,0.643623021074362
