epoch,fitness
0,0.7073694690847425
1,0.5961850463459415
2,0.5961850463459415
3,0.5961850463459415
4,0.5961850463459415
5,0.5961850463459415
6,0.5961850463459415
7,0.5961850463459415
8,0.5961850463459415
9,0.5961850463459415
