epoch,fitness
0,0.6375043687842381
1,0.6375043687842381
2,0.6375043687842381
3,0.6375043687842381
4,0.6375043687842381
5,0.6375043687842381
6,0.6375043687842381
7,0.6375043687842381
8,0.6375043687842381
9,0.6375043687842381
