epoch,fitness
0,0.6927360771943344
1,0.6187185715255834
2,0.5712919048979611
3,0.5712919048979611
4,0.5712919048979611
5,0.5712919048979611
6,0.5712919048979611
7,0.5712919048979611
8,0.5712919048979611
9,0.5712919048979611
