epoch,fitness
0,0.6627719893563147
1,0.6627719893563147
2,0.6381774145805216
3,0.6381774145805216
4,0.6381774145805216
5,0.6381774145805216
6,0.6381774145805216
7,0.6381774145805216
8,0.6381774145805216
9,0.6381774145805216
