epoch,fitness
0,0.643623021074362
1,0.643623021074362
2,0.6190157614868662
3,0.6190157614868662
4,0.6190157614868662
5,0.6190157614868662
6,0.6190157614868662
7,0.6190157614868662
8,0.6116542729284185
9,0.6096840481799253
