epoch,fitness
0,0.7073694690847425
1,0.7073694690847425
2,0.5847065840767559
3,0.5847065840767559
4,0.5847065840767559
5,0.5847065840767559
6,0.5847065840767559
7,0.5847065840767559
8,0.5847065840767559
9,0.5847065840767559
