Set,R2,RMSE,Best_Components
Train,0.43297124297359335,2.211242932328736,1
Test,0.32965763161531025,2.5730319695999744,1
