Set,R2,RMSE,Best_Components
Train,0.5498909444816538,1.970120502384994,3
Test,0.3217449617305477,2.5881733547232777,3
