Set,R2,RMSE,RPD,Best_Components,Is_Transformed
Train,0.44544637043767743,2.186783012146296,1.3428522276415755,1,False
Test,0.32983743629517037,2.572686866680164,1.2215462592036879,1,False
