Set,R2,RMSE,Best_Components
Train,0.8967873899883598,0.968668687103395,9
Test,-0.3373886461505806,3.4306524772752316,9
