Set,R2,RMSE,RPD,Best_Components,Is_Transformed
Train,0.2531073643684316,2.5378327881387865,1.157100047313605,1,True
Test,0.15835669726747015,2.8831078164969193,1.0900237584295587,1,True
