Set,R2,RMSE,RPD,Best_Components,Is_Transformed
Train,0.6489646571147055,1.7398401049402932,1.6878139726122603,8,False
Test,0.1739432502371605,2.8562866476326043,1.1002593247076096,8,False
