Set,R2,RMSE,Best_Components
Train,0.6991740106169242,1.6106144541244645,9
Test,0.005371339045407542,3.1342045183589833,9
