Set,R2,RMSE,Best_Components
Train,0.7922778826841187,1.338367203494241,15
Test,0.21571655398026945,2.783129225006574,15
