Set,R2,RMSE,Best_Components
Train,0.5360302923149632,2.0002244366109316,2
Test,0.36005775633106685,2.5140113692411044,2
