Set,R2,RMSE,Best_Components
Train,0.8794202084873158,1.019697089500794,12
Test,-0.07957193725998968,3.265296636679286,12
