epoch,fitness
0,0.6421249328586573
1,0.5077676279622673
2,0.46725366711771615
3,0.46725366711771615
4,0.46725366711771615
5,0.46725366711771615
6,0.46725366711771615
7,0.46725366711771615
8,0.46725366711771615
9,0.46725366711771615
