epoch,fitness
0,0.6312915995253241
1,0.5052676279622673
2,0.4664203337843828
3,0.4664203337843828
4,0.4664203337843828
5,0.4664203337843828
6,0.4664203337843828
7,0.4664203337843828
8,0.4664203337843828
9,0.4664203337843828
