epoch,fitness
0,0.5515167770442978
1,0.5515167770442978
2,0.5515167770442978
3,0.5515167770442978
4,0.5515167770442978
5,0.5515167770442978
6,0.5515167770442978
7,0.5515167770442978
8,0.5515167770442978
9,0.5515167770442978
