epoch,fitness
0,0.5649760573753011
1,0.5649760573753011
2,0.5649760573753011
3,0.5649760573753011
4,0.5649760573753011
5,0.5649760573753011
6,0.5649760573753011
7,0.5649760573753011
8,0.5649760573753011
9,0.5649760573753011
