epoch,fitness
0,0.6204582661919907
1,0.5027676279622673
2,0.4655870004510495
3,0.4655870004510495
4,0.4655870004510495
5,0.4655870004510495
6,0.4655870004510495
7,0.4655870004510495
8,0.4655870004510495
9,0.4655870004510495
