epoch,fitness
0,0.5566427240419678
1,0.5566427240419678
2,0.5566427240419678
3,0.5566427240419678
4,0.5566427240419678
5,0.5566427240419678
6,0.5566427240419678
7,0.5566427240419678
8,0.5566427240419678
9,0.5566427240419678
