epoch,fitness
0,0.5608093907086344
1,0.5608093907086344
2,0.5608093907086344
3,0.5608093907086344
4,0.5608093907086344
5,0.5608093907086344
6,0.5608093907086344
7,0.5608093907086344
8,0.5608093907086344
9,0.5608093907086344
