epoch,fitness
0,0.5523501103776312
1,0.5523501103776312
2,0.5523501103776312
3,0.5523501103776312
4,0.5523501103776312
5,0.5523501103776312
6,0.5523501103776312
7,0.5523501103776312
8,0.5523501103776312
9,0.5523501103776312
