epoch,fitness
0,0.5531834437109644
1,0.5531834437109644
2,0.5531834437109644
3,0.5531834437109644
4,0.5531834437109644
5,0.5531834437109644
6,0.5531834437109644
7,0.5531834437109644
8,0.5531834437109644
9,0.5531834437109644
