Set,R2,RMSE,Best_Components
Train,0.7168592359211556,1.5625542888348358,6
Test,0.10424089935366698,2.9743526732307126,6
