Set,R2,RMSE,Best_Components
Train,0.6090473310222325,1.8360986300528852,6
Test,0.3467929469369945,2.5399331147166846,6
