Set,R2,RMSE,Best_Components
Train,0.8501358146439282,1.1367968042268244,14
Test,0.1287637980902152,2.9333562079103688,14
