Set,R2,RMSE,Best_Components
Train,0.7428308523692162,1.489166809498387,6
Test,-0.07157824338085317,3.253185225557103,6
