epoch,fitness
0,0.6744228776795229
1,0.5986380939621841
2,0.5986380939621841
3,0.5986380939621841
4,0.5986380939621841
5,0.5986380939621841
6,0.5986380939621841
7,0.5986380939621841
8,0.5986380939621841
9,0.5986380939621841
