epoch,fitness
0,0.6156222625000475
1,0.6156222625000475
2,0.6156222625000475
3,0.6156222625000475
4,0.6156222625000475
5,0.6156222625000475
6,0.6156222625000475
7,0.614206217729
8,0.614206217729
9,0.614206217729
