epoch,fitness
0,0.6083788523147906
1,0.6083788523147906
2,0.6083788523147906
3,0.6083788523147906
4,0.5008954286560824
5,0.5008954286560824
6,0.5008954286560824
7,0.5008954286560824
8,0.5008954286560824
9,0.5008954286560824
