epoch,fitness
0,0.668242413995884
1,0.668242413995884
2,0.5353461088168775
3,0.5353461088168775
4,0.5353461088168775
5,0.5353461088168775
6,0.5353461088168775
7,0.5353461088168775
8,0.5353461088168775
9,0.5282564252067217
