epoch,fitness
0,0.5730402981054261
1,0.5730402981054261
2,0.5730402981054261
3,0.5730402981054261
4,0.5730402981054261
5,0.5730402981054261
6,0.5730402981054261
7,0.5730402981054261
8,0.5730402981054261
9,0.5730402981054261
