epoch,fitness
0,0.6927360771943344
1,0.6927360771943344
2,0.5977968951370835
3,0.5224602745539554
4,0.5224602745539554
5,0.5224602745539554
6,0.5224602745539554
7,0.5224602745539554
8,0.5224602745539554
9,0.5224602745539554
