Set,R2,RMSE,RPD,Best_Components,Is_Transformed
Train,0.32719827415110014,2.408670888966459,1.2191480590731296,3,True
Test,0.13485213401574692,2.923088861197743,1.0751147732155837,3,True
