Set,R2,RMSE,Best_Components
Train,0.6898118639056291,1.635484780300183,5
Test,0.2569665981531116,2.7089501683011887,5
