Set,R2,RMSE,RPD,Best_Components,Is_Transformed
Train,0.559770933960676,1.9483782466098636,1.5071644555357264,4,False
Test,0.34538772382442995,2.5426636847565245,1.235969993568591,4,False
