Set,R2,RMSE,Best_Components
Train,0.5843515109183104,1.8932022784697886,4
Test,0.3973587201831864,2.43964303658556,4
