Set,R2,RMSE,RPD,Best_Components,Is_Transformed
Train,0.442440758927807,2.19270104982381,1.3392279077284004,1,False
Test,0.3258226700044232,2.5803815023178243,1.217903637610456,1,False
