Set,R2,RMSE,Best_Components
Train,0.4742090555499954,2.129317711068703,2
Test,0.3384464749072573,2.5561088355485757,2
