Set,R2,RMSE,Best_Components
Train,0.8032121945016892,1.3026657860300355,8
Test,0.23614176972314493,2.7466494121884737,8
