Set,R2,RMSE,Best_Components
Train,0.5200095102134363,2.03446504153473,2
Test,0.34000244130127766,2.5531010964582252,2
