Set,R2,RMSE,Best_Components
Train,0.6394555390306174,1.763247713517992,4
Test,0.2355121708484469,2.747781121661809,4
